Workbook

Sheet Applications
A1: 🎯 JOB APPLICATION TRACKER
A2: =COUNTA(B5:B1000)&" applications tracked" -> 7 applications tracked | E2: ="Active: "&COUNTIF(F5:F1000,"Interviewing")&" interviewing | "&COUNTIF(F5:F1000,"Applied")&" applied" -> Active: 0 interviewing | 4 applied | I2: ="Offers: "&COUNTIF(F5:F1000,"Offer Received")&" | Rejected: "&COUNTIF(F5:F1000,"Rejected") -> Offers: 0 | Rejected: 3
A4: # | B4: Company | C4: Job Title | D4: Location | E4: Date Applied | F4: Status | G4: Source | H4: Contact Name | I4: Contact Email | J4: Description
A5: 1 | B5: Sony | C5: European Graduate Programme – Product & Consumer Marketing, | D5: Berlin | E5: 46120 | F5: Rejected | G5: LinkedIn | H5: NA | I5: NA | J5: https://www.linkedin.com/jobs/view/4398231395/
A6: 2 | B6: P&G | C6: Graduate Program Brand | D6: Frankfurt | E6: 46124 | F6: Rejected | G6: LinkedIn | H6: NA | I6: NA
A7: 3 | B7: Junior Brand Manager Kinder Biscuits | C7: Ferrero | D7: Luxemborg | E7: 46125 | F7: Rejected | G7: LinkedIn | H7: NA | I7: NA
A8: 4 | B8: Cross Brand Marketing Manager ( | C8: B/S/H | D8: Munich | E8: 46174 | F8: Applied | G8: LinkedIn | H8: NA | I8: NA
A9: 5 | B9: Brand Manager | C9: Zooplus | D9: Munich | E9: 46174 | F9: Applied | G9: LinkedIn | J9: https://www.linkedin.com/jobs/view/4409291228/
B10: Marketing specialist | C10: Wabtec Corporation | D10: Recklinghausen, | E10: 46174 | F10: Applied | G10: LinkedIn | J10: https://www.linkedin.com/jobs/view/4415628032/
B11: Kenvue | C11: Junior Brand Manager FemCare/Baby | D11: Neuss | E11: 46177 | F11: Applied

Sheet Dashboard
A1: 📊 APPLICATION DASHBOARD
A3: Status | B3: Count | C3: % of Total | E3: Source | F3: Count
A4: Applied | B4: =COUNTIF(Applications!F:F,"Applied") -> 4 | C4: =IFERROR(B4/SUM(B4:B10),0) -> 0.57142857 | E4: LinkedIn | F4: =COUNTIF(Applications!G:G,"LinkedIn") -> 6
A5: Interviewing | B5: =COUNTIF(Applications!F:F,"Interviewing") -> 0 | C5: =IFERROR(B5/SUM(B4:B10),0) -> 0 | E5: Indeed | F5: =COUNTIF(Applications!G:G,"Indeed") -> 0
A6: Offer Received | B6: =COUNTIF(Applications!F:F,"Offer Received") -> 0 | C6: =IFERROR(B6/SUM(B4:B10),0) -> 0 | E6: Xing | F6: =COUNTIF(Applications!G:G,"Xing") -> 0
A7: Rejected | B7: =COUNTIF(Applications!F:F,"Rejected") -> 3 | C7: =IFERROR(B7/SUM(B4:B10),0) -> 0.42857143 | E7: Company Site | F7: =COUNTIF(Applications!G:G,"Company Site") -> 0
A8: Withdrawn | B8: =COUNTIF(Applications!F:F,"Withdrawn") -> 0 | C8: =IFERROR(B8/SUM(B4:B10),0) -> 0 | E8: Headhunter | F8: =COUNTIF(Applications!G:G,"Headhunter") -> 0
A9: Ghosted | B9: =COUNTIF(Applications!F:F,"Ghosted") -> 0 | C9: =IFERROR(B9/SUM(B4:B10),0) -> 0 | E9: Referral | F9: =COUNTIF(Applications!G:G,"Referral") -> 0
A10: On Hold | B10: =COUNTIF(Applications!F:F,"On Hold") -> 0 | C10: =IFERROR(B10/SUM(B4:B10),0) -> 0 | E10: Glassdoor | F10: =COUNTIF(Applications!G:G,"Glassdoor") -> 0
A11: TOTAL | B11: =SUM(B4:B10) -> 7 | C11: =IFERROR(C4+C5+C6+C7+C8+C9+C10,"") -> 1 | E11: Other | F11: =COUNTIF(Applications!G:G,"Other") -> 0

Sheet Interview Prep
A1: 📝 INTERVIEW PREPARATION NOTES
A3: Company | B3: Interview Round | C3: Date & Time | D3: Interviewer(s) | E3: Notes / Questions to Ask
